,p_j,p_tilde_j_va_ridge_precise,p_tilde_j_va_ridge_imprecise,p_tilde_j_va_horseshoe_precise
0,0.0,0.0,0.0,0.0
1,0.001001001001001001,0.0004313901372724903,4.941916706622585e-05,4.941916706622585e-05
2,0.002002002002002002,3.3455915808859246e-06,-0.0007605963488316429,-0.0006651036062800769
3,0.003003003003003003,-0.0007111771817654169,-0.001761597349832644,-0.0012841336370748135
4,0.004004004004004004,-0.0012347144700085876,-0.0026671056082820787,-0.001616685440214852
5,0.005005005005005005,-0.0019492372433548904,-0.0032861356390768157,-0.002331208213561155
6,0.006006006006006006,-0.0024727745315980608,-0.004096151154974684,-0.0030457309869074576
7,0.007007007007007007,-0.0032827900474959298,-0.004906166670872554,-0.003378282790047496
8,0.008008008008008008,-0.0039018200782906668,-0.005716182186770422,-0.0039018200782906668
9,0.009009009009009009,-0.004616342851636969,-0.006621690445219857,-0.004616342851636969
10,0.01001001001001001,-0.00561734385263797,-0.007622691446220858,-0.00513988013988014
11,0.011011011011011011,-0.006140881140881141,-0.008528199704670293,-0.005472431943020178
12,0.012012012012012012,-0.006664418429124312,-0.009433707963119728,-0.006186954716366481
13,0.013013013013013013,-0.007187955717367482,-0.010434708964120729,-0.006901477489712784
14,0.014014014014014014,-0.008188956718368483,-0.011149231737467031,-0.007234029292852822
15,0.015015015015015015,-0.008712494006611653,-0.011959247253364901,-0.007948552066199124
16,0.016016016016016016,-0.009045045809751691,-0.012482784541608071,-0.008567582096993862
17,0.017017017017017015,-0.009759568583097993,-0.013101814572402806,-0.009186612127788596
18,0.018018018018018018,-0.009901134901134902,-0.014007322830852242,-0.00971014941603177
19,0.01901901901901902,-0.010424672189378073,-0.014817338346750114,-0.010233686704274941
20,0.02002002002002002,-0.010852716735069675,-0.015818339347751113,-0.010948209477621242
21,0.02102102102102102,-0.011662732250967544,-0.016532862121097412,-0.011376254023312845
22,0.022022022022022022,-0.012281762281762282,-0.017342877636995283,-0.011708805826452885
23,0.023023023023023025,-0.013091777797660152,-0.01805740041034159,-0.01242332859979919
24,0.024024024024024024,-0.01361531508590332,-0.018867415926239455,-0.013137851373145491
25,0.025025025025025023,-0.01413885237414649,-0.019772924184688886,-0.014043359631594924
26,0.026026026026026026,-0.014662389662389662,-0.02058293970058676,-0.01494886789004436
27,0.02702702702702703,-0.015472405178287532,-0.021488447959036195,-0.015758883405942233
28,0.028028028028028028,-0.01580495698142757,-0.022202970732382497,-0.016091435209082267
29,0.029029029029029027,-0.016614972497325436,-0.022917493505728796,-0.016614972497325436
30,0.03003003003003003,-0.017138509785568606,-0.023823001764178234,-0.016947524300465477
31,0.031031031031031032,-0.017566554331260215,-0.024728510022627673,-0.017662047073811783
32,0.03203203203203203,-0.018090091619503382,-0.02544303279597397,-0.018376569847158082
33,0.03303303303303303,-0.01861362890774655,-0.02625304831187184,-0.018900107135401252
34,0.03403403403403403,-0.019328151681092854,-0.027158556570321273,-0.01961462990874755
35,0.035035035035035036,-0.019851688969336027,-0.02815955757132228,-0.02032915268209386
36,0.036036036036036036,-0.020661704485233898,-0.028874080344668582,-0.020757197227785462
37,0.037037037037037035,-0.021376227258580197,-0.029779588603118013,-0.0210897490309255
38,0.03803803803803804,-0.02228173551702964,-0.03078058960411902,-0.02180427180427181
39,0.03903903903903904,-0.022996258290375937,-0.03178159060512002,-0.02223231634996341
40,0.04004004004004004,-0.02371078106372224,-0.032591606121017885,-0.02323331735096441
41,0.04104104104104104,-0.024520796579620106,-0.033306128894364184,-0.02413882560941384
42,0.04204204204204204,-0.02523531935296641,-0.034116144410262055,-0.02466236289765701
43,0.043043043043043044,-0.02585434938376115,-0.034926159926159925,-0.02537688567100332
44,0.044044044044044044,-0.026282393929452752,-0.035736175442057795,-0.025709437474143355
45,0.04504504504504504,-0.026996916702799054,-0.03664168370050723,-0.026041989277283392
46,0.04604604604604605,-0.027615946733593796,-0.037356206473853536,-0.026661019308078134
47,0.04704704704704705,-0.028330469506940098,-0.037879743762096706,-0.02680258562611504
48,0.04804804804804805,-0.028854006795183264,-0.038403281050339876,-0.027421615656909773
49,0.04904904904904905,-0.029377544083426434,-0.03921329656623774,-0.02784966020260138
50,0.050050050050050046,-0.02999657411422117,-0.03983232659703247,-0.028086719263189848
51,0.05105105105105105,-0.03090208237267061,-0.04054684937037878,-0.028323778323778324
52,0.05205205205205205,-0.03180759063112004,-0.04145235762882822,-0.029038301097124627
53,0.05305305305305305,-0.03252211340446634,-0.04235786588727765,-0.02946634564281623
54,0.05405405405405406,-0.03352311440546735,-0.043167881403175526,-0.03008537567361097
55,0.055055055055055056,-0.034237637178813646,-0.04397789691907339,-0.030799898446957272
56,0.056056056056056056,-0.034761174467056816,-0.044883405177522824,-0.031227942992648874
57,0.057057057057057055,-0.035571189982954686,-0.04578891343597226,-0.031560494795788915
58,0.058058058058058054,-0.036381205498852556,-0.04650343620931856,-0.032275017569135214
59,0.05905905905905906,-0.03709572827219886,-0.047408944467768,-0.032798554857378384
60,0.06006006006006006,-0.03723729459023577,-0.0481234672411143,-0.033322092145621554
61,0.06106106106106106,-0.03804731010613363,-0.04893348275701217,-0.03394112217641629
62,0.062062062062062065,-0.03857084739437681,-0.04974349827291004,-0.0343691667221079
63,0.06306306306306306,-0.038998891940068406,-0.0505535137888079,-0.03508368949545419
64,0.06406406406406406,-0.039522429228311576,-0.05126803656215421,-0.03589370501135207
65,0.06506506506506507,-0.04004596651655476,-0.052269037563155214,-0.03651273504214681
66,0.06606606606606606,-0.04076048928990105,-0.052983560336501506,-0.037036272330389974
67,0.06706706706706707,-0.04128402657814423,-0.05388906859495095,-0.03784628784628785
68,0.06806806806806806,-0.04171207112383582,-0.054794576853400376,-0.038083346906876314
69,0.06906906906906907,-0.04233110115463057,-0.05531811414164355,-0.03851139145256792
70,0.07007007007007007,-0.042759145700322174,-0.05612812965754142,-0.03884394325570796
71,0.07107107107107107,-0.04356916121622004,-0.056938145173439286,-0.039653958771605824
72,0.07207207207207207,-0.04428368398956634,-0.05784365343188873,-0.040272988802400565
73,0.07307307307307308,-0.04509369950546421,-0.058844654432889734,-0.04089201883319531
74,0.07407407407407407,-0.04542625130860425,-0.05975016269133916,-0.041320063378886905
75,0.07507507507507508,-0.04585429585429586,-0.06075116369234017,-0.041652615182026946
76,0.07607607607607608,-0.04666431137019373,-0.06156117920823804,-0.04188967424261542
77,0.07707707707707707,-0.04737883414354002,-0.062371194724135895,-0.04222222604575546
78,0.07807807807807808,-0.048093356916886335,-0.06289473201237908,-0.0428412560765502
79,0.07907907907907907,-0.04899886517533576,-0.0638002402708285,-0.042982822394587096
80,0.08008008008008008,-0.0496178952061305,-0.06441927030162324,-0.0434108669402787
81,0.08108108108108109,-0.050141432494373674,-0.06513379307496955,-0.04402989697107344
82,0.08208208208208208,-0.05066496978261684,-0.06575282310576427,-0.04445794151676504
83,0.08308308308308308,-0.05128399981341158,-0.06637185313655902,-0.044885986062456654
84,0.08408408408408408,-0.05209401532930944,-0.06699088316735374,-0.04569600157835451
85,0.08508508508508508,-0.05271304536010418,-0.06770540594070006,-0.04631503160914925
86,0.08608608608608609,-0.05323658264834736,-0.0680379577438401,-0.046743076154840864
87,0.08708708708708708,-0.05395110542169365,-0.0687524805171864,-0.04688464247287776
88,0.08808808808808809,-0.05447464270993683,-0.06946700329053271,-0.04712170153346624
89,0.0890890890890891,-0.055189165483283134,-0.07018152606387901,-0.047167775108951586
90,0.09009009009009009,-0.05561721002897473,-0.07099154157977687,-0.04778680513974631
91,0.09109109109109109,-0.05614074731721791,-0.07189704983822631,-0.04821484968543792
92,0.0920920920920921,-0.056568791862909515,-0.07270706535412419,-0.0484519087460264
93,0.09309309309309309,-0.05718782189370424,-0.07342158812747047,-0.049166431519372694
94,0.0940940940940941,-0.057806851924498984,-0.07432709638591992,-0.04968996880761587
95,0.09509509509509509,-0.05861686744039685,-0.07513711190181778,-0.0503089988384106
96,0.0960960960960961,-0.05894941924353689,-0.07613811290281879,-0.051023521611756904
97,0.0970970970970971,-0.059186478304125364,-0.0768526356761651,-0.05097410244469069
98,0.0980980980980981,-0.05961452284981696,-0.07756715844951138,-0.051020176020176014
99,0.0990990990990991,-0.059756089167853875,-0.07856815945051239,-0.051639206050970755
100,0.10010010010010009,-0.0603751191986486,-0.07947366770896182,-0.05216274333921392
101,0.1011011011011011,-0.060994149229443344,-0.08018819048230813,-0.052877266112560224
102,0.1021021021021021,-0.06170867200278965,-0.08099820599820601,-0.0534008034008034
103,0.1031031031031031,-0.06194573106337812,-0.08161723602900073,-0.053446876976288735
104,0.1041041041041041,-0.062087297381415024,-0.08233175880234704,-0.05349295055177408
105,0.10510510510510511,-0.06241984918455507,-0.0831417743182449,-0.054111980582568824
106,0.1061061061061061,-0.0630388792153498,-0.08347432612138495,-0.05415805415805415
107,0.10710710710710711,-0.06356241650359298,-0.08437983437983437,-0.0544906059611942
108,0.10810810810810811,-0.06418144653438772,-0.08509435715318069,-0.05482315776433424
109,0.1091091091091091,-0.06480047656518245,-0.08580887992652698,-0.05467824585471644
110,0.11011011011011011,-0.06494204288321936,-0.08661889544242485,-0.05510629040040805
111,0.1111111111111111,-0.06556107291401408,-0.08742891095832273,-0.05534334946099651
112,0.11211211211211211,-0.06532066826184474,-0.08785695550401433,-0.05586688674923969
113,0.11311311311311312,-0.06565322006498478,-0.0886669710199122,-0.055626482097070336
114,0.11411411411411411,-0.06617675735322794,-0.08938149379325849,-0.05634100487041663
115,0.11511511511511512,-0.06660480189891954,-0.08980953833895011,-0.05696003490121137
116,0.11611611611611611,-0.06722383192971428,-0.0905240611122964,-0.0572925867043514
117,0.11711711711711711,-0.06793835470306059,-0.09114309114309113,-0.05772063125004301
118,0.11811811811811812,-0.06846189199130376,-0.09204859940154059,-0.05795769031063149
119,0.11911911911911911,-0.06869895105189222,-0.09285861491743844,-0.05800376388611682
120,0.12012012012012012,-0.06922248834013539,-0.09376412317588788,-0.05814533020415373
121,0.12112112112112113,-0.06965053288582701,-0.09438315320668263,-0.05885985297750004
122,0.12212212212212212,-0.07036505565917331,-0.09538415420768362,-0.05919240478064007
123,0.12312312312312312,-0.07069760746231335,-0.09600318423847835,-0.05895200012847071
124,0.12412412412412413,-0.07083917378035026,-0.0966222142692731,-0.059284551931610766
125,0.12512512512512514,-0.07136271106859343,-0.09752772252772254,-0.05952161099219924
126,0.12612612612612611,-0.07179075561428502,-0.09805125981596569,-0.059281206340029854
127,0.12712712712712712,-0.0723142929025282,-0.09886127533186356,-0.059422772658066766
128,0.12812812812812813,-0.07264684470566823,-0.09967129084776144,-0.05975532446120681
129,0.12912912912912913,-0.07288390376625671,-0.10057679910621087,-0.05989689077924372
130,0.13013013013013014,-0.0734074410544999,-0.10119582913700562,-0.06051592081003847
131,0.13113113113113112,-0.0740264710852946,-0.10181485916780034,-0.06123044358338475
132,0.13213213213213212,-0.07474099385864091,-0.10272036742624976,-0.061372009901421665
133,0.13313313313313313,-0.07497805291922938,-0.10343489019959608,-0.06103611250670074
134,0.13413413413413414,-0.0756925756925757,-0.10405392023039083,-0.06136866430984078
135,0.13513513513513514,-0.07564315652550947,-0.10467295026118556,-0.06141473788532613
136,0.13613613613613612,-0.07654866478395889,-0.10529198029198028,-0.06155630420336301
137,0.13713713713713713,-0.07688121658709893,-0.10600650306532658,-0.061506885036296796
138,0.13813813813813813,-0.07730926113279055,-0.10672102583867289,-0.06183943683943684
139,0.13913913913913914,-0.07783279842103372,-0.10734005586946763,-0.062076495900025314
140,0.14014014014014015,-0.07854732119438002,-0.10767260767260768,-0.062218062218062226
141,0.14114114114114115,-0.07887987299752007,-0.108387130445954,-0.06255061402120227
142,0.14214214214214213,-0.07883045383045383,-0.10891066773419714,-0.06307415130944541
143,0.14314314314314314,-0.07954497660380012,-0.10972068325009501,-0.06340670311258546
144,0.14414414414414414,-0.07987752840694017,-0.11062619150854444,-0.06354826943062238
145,0.14514514514514515,-0.08059205118028648,-0.11076775782658135,-0.06397631397631398
146,0.14614614614614616,-0.08073361749832339,-0.11157777334247923,-0.0646908367496603
147,0.14714714714714713,-0.08097067655891184,-0.11229229611582552,-0.06483240306769718
148,0.14814814814814814,-0.08130322836205188,-0.11272034066151712,-0.06487847664318251
149,0.14914914914914915,-0.0817312729077435,-0.11324387794976029,-0.06511553570377099
150,0.15015015015015015,-0.08206382471088354,-0.11414938620820975,-0.06602104396222043
151,0.15115115115115116,-0.08287384022678142,-0.11495940172410762,-0.06664007399301518
152,0.15215215215215216,-0.08349287025757615,-0.11586490998255705,-0.06678164031105209
153,0.15315315315315314,-0.08344345109050991,-0.11629295452824864,-0.0671141921141921
154,0.15415415415415415,-0.08339403192344369,-0.1171029700441465,-0.06706477294712589
155,0.15515515515515516,-0.08391756921168686,-0.11772200007494125,-0.06758831023536906
156,0.15615615615615616,-0.0842501210148269,-0.11834103010573599,-0.06801635478106068
157,0.15715715715715717,-0.08439168733286381,-0.11915104562163387,-0.06844439932675228
158,0.15815815815815815,-0.08462874639345226,-0.11996106113753172,-0.06868145838734073
159,0.15915915915915915,-0.08477031271148917,-0.1207710766534296,-0.06863203922027451
160,0.16016016016016016,-0.08519835725718078,-0.1211991211991212,-0.06915557650851768
161,0.16116116116116116,-0.08533992357521769,-0.12200913671501906,-0.06958362105420929
162,0.16216216216216217,-0.08614993909111557,-0.12262816674581381,-0.06982068011479776
163,0.16316316316316315,-0.08629150540915245,-0.12324719677660853,-0.07024872466048936
164,0.16416416416416416,-0.08643307172718936,-0.1237707340648517,-0.07077226194873253
165,0.16516516516516516,-0.08609717433246844,-0.12458074958074958,-0.07081833552421787
166,0.16616616616616617,-0.08652521887816006,-0.12548625783919903,-0.07076891635715166
167,0.16716716716716717,-0.08666678519619697,-0.12620078061254533,-0.0705285117049823
168,0.16816816816816815,-0.08690384425678542,-0.1272017816135463,-0.07067007802301918
169,0.16916916916916916,-0.08694991783227077,-0.12810728987199574,-0.0710981225687108
170,0.17017017017017017,-0.08737796237796237,-0.12863082716023894,-0.07114419614419613
171,0.17117117117117117,-0.08751952869599929,-0.1291543644484821,-0.07185871891754245
172,0.17217217217217218,-0.08794757324169089,-0.12977339447927683,-0.07200028523557936
173,0.17317317317317318,-0.08875758875758877,-0.13067890273772628,-0.07261931526637411
174,0.17417417417417416,-0.08928112604583191,-0.13139342551107255,-0.07276088158441098
175,0.17517517517517517,-0.08942269236386882,-0.13191696279931572,-0.0731889261301026
176,0.17617617617617617,-0.08985073690956044,-0.13234500734500734,-0.07323499970558794
177,0.17717717717717718,-0.09027878145525205,-0.1328685446332505,-0.07385402973638268
178,0.1781781781781782,-0.0908978114860468,-0.13348757466404526,-0.07409108879697116
179,0.17917917917917917,-0.09103937780408368,-0.13410660469483998,-0.07423265511500804
180,0.18018018018018017,-0.09108545137956901,-0.13434366375542844,-0.07418323594794182
181,0.18118118118118118,-0.0916089886678122,-0.13505818652877477,-0.07461128049363343
182,0.18218218218218218,-0.0920370332135038,-0.13577270930212107,-0.07503932503932505
183,0.1831831831831832,-0.09198761404643759,-0.13658272481801895,-0.07546736958501665
184,0.1841841841841842,-0.09260664407723232,-0.13729724759136525,-0.0757999213881567
185,0.18518518518518517,-0.09284370313782077,-0.1375343066519537,-0.07622796593384827
186,0.18618618618618618,-0.09298526945585768,-0.1379623511976453,-0.07665601047953989
187,0.1871871871871872,-0.09360429948665243,-0.13839039574333692,-0.0767975767975768
188,0.1881881881881882,-0.09365037306213778,-0.13900942577413167,-0.07722562134326841
189,0.1891891891891892,-0.09398292486527782,-0.1396284558049264,-0.07794014411661472
190,0.19019019019019018,-0.09431547666841783,-0.1402474858357211,-0.0777952322069969
191,0.19119119119119118,-0.09483901395666101,-0.14086651586651586,-0.07793679852503381
192,0.1921921921921922,-0.09555353673000731,-0.14100808218455277,-0.07769639387286446
193,0.1931931931931932,-0.09598158127569893,-0.14181809770045065,-0.0780289456760045
194,0.1941941941941942,-0.09621864033628741,-0.14224614224614224,-0.07836149747914455
195,0.19519519519519518,-0.09655119213942742,-0.14257869404928228,-0.07878954202483612
196,0.1961961961961962,-0.09707472942767059,-0.14310223133752545,-0.0787401228577699
197,0.1971971971971972,-0.09692981751805281,-0.1437212613683202,-0.07849971820560056
198,0.1981981981981982,-0.09726236932119285,-0.14424479865656337,-0.07902325549384373
199,0.1991991991991992,-0.0981678775796423,-0.14495932142990967,-0.07935580729698377
200,0.20020020020020018,-0.09821395115512761,-0.14557835146070439,-0.07968835910012378
201,0.2012012012012012,-0.09873748844337078,-0.14638836697660226,-0.07963893993305757
202,0.2022022022022022,-0.09868806927630457,-0.14691190426484543,-0.07968501350854292
203,0.2032032032032032,-0.09882963559434148,-0.1474354415530886,-0.08039953628188923
204,0.2042042042042042,-0.09887570916982683,-0.14824545706898648,-0.08054110259992614
205,0.20520520520520522,-0.0991127682304153,-0.14895997984233278,-0.08049168343285991
206,0.2062062062062062,-0.09925433454845219,-0.14976999535823066,-0.07977381506793271
207,0.2072072072072072,-0.0993959008664891,-0.15029353264647383,-0.07991538138596962
208,0.2082082082082082,-0.09944197444197445,-0.15072157719216542,-0.08034342593166122
209,0.2092092092092092,-0.09967903350256292,-0.15076765076765078,-0.08086696321990439
210,0.21021021021021022,-0.10010707804825453,-0.15100470982823924,-0.08072205131028662
211,0.2112112112112112,-0.1005351225939461,-0.15152824711648238,-0.0805771394006688
212,0.2122122122122122,-0.10086767439708615,-0.1522427698898287,-0.08119616943146354
213,0.2132132132132132,-0.10110473345767464,-0.15276630717807188,-0.08162421397715516
214,0.21421421421421422,-0.10124629977571155,-0.15328984446631505,-0.08157479481008892
215,0.21521521521521522,-0.10148335883630002,-0.1536223962694551,-0.08190734661322896
216,0.21621621621621623,-0.10133844692668223,-0.1543369190428014,-0.08195342018871432
217,0.2172172172172172,-0.10167099872982224,-0.1549559490735961,-0.08199949376419963
218,0.2182182182182182,-0.10152608682020446,-0.15547948636183928,-0.08185458185458186
219,0.21921921921921922,-0.10138117491058668,-0.1561940091351856,-0.08180516268751564
220,0.22022022022022023,-0.10142724848607201,-0.15681303916598033,-0.0820422217481041
221,0.22122122122122123,-0.10185529303176363,-0.15781404016698136,-0.08208829532358944
222,0.2222222222222222,-0.10218784483490365,-0.1580510992275698,-0.08175239792886851
223,0.22322322322322322,-0.10213842566783743,-0.15867012925836455,-0.08198945698945698
224,0.22422422422422422,-0.10275745569863216,-0.15909817380405616,-0.08174905233728763
225,0.22522522522522523,-0.10251705104646282,-0.15990818931995404,-0.08160414042766984
226,0.22622622622622623,-0.10246763187939659,-0.16033623386564563,-0.08193669223080988
227,0.2272272272272272,-0.10270469093998505,-0.16057329292623407,-0.08217375129139834
228,0.22822822822822822,-0.10294175000057351,-0.16119232295702884,-0.08221982486688367
229,0.22922922922922923,-0.10356078003136826,-0.16181135298782356,-0.08226589844236903
230,0.23023023023023023,-0.10379783909195675,-0.1624303830186183,-0.08221647927530282
231,0.23123123123123124,-0.10441686912275147,-0.16199899288134584,-0.08226255285078815
232,0.23223223223223222,-0.10455843544078836,-0.16290450113979524,-0.0822131336837219
233,0.23323323323323322,-0.10431803078861901,-0.16352353117059,-0.08245019274431037
234,0.23423423423423423,-0.10474607533431063,-0.16423805394393629,-0.08287823729000199
235,0.23523523523523523,-0.10507862713745067,-0.16485708397473103,-0.08321078909314203
236,0.23623623623623624,-0.10522019345548758,-0.16480766480766482,-0.08297038444097268
237,0.23723723723723725,-0.10593471622883388,-0.16494923112570173,-0.08349392172921585
238,0.23823823823823823,-0.10598078980431921,-0.16518629018629016,-0.08411295176001057
239,0.23923923923923923,-0.10564489240959829,-0.16551884198943023,-0.08377705436528965
240,0.24024024024024024,-0.10645490792549617,-0.1663288575053281,-0.0843960843960844
241,0.24124124124124124,-0.10659647424353308,-0.16656591656591657,-0.08472863619922444
242,0.24224224224224225,-0.10702451878922467,-0.16642100465629878,-0.08506118800236448
243,0.24324324324324323,-0.10716608510726156,-0.16637158548923253,-0.08548923254805607
244,0.24424424424424424,-0.10692568045509221,-0.1668951227774757,-0.08582178435119611
245,0.24524524524524524,-0.10706724677312912,-0.16760964555082203,-0.08548588695647519
246,0.24624624624624625,-0.10730430583371761,-0.16794219735396204,-0.08581843875961523
247,0.24724724724724725,-0.10725488666665137,-0.16817925641455053,-0.08586451233510059
248,0.24824824824824826,-0.10739645298468828,-0.16860730096024215,-0.0860060786531375
249,0.24924924924924924,-0.10763351204527674,-0.1691308382484853,-0.08643412319882907
250,0.2502502502502503,-0.10777507836331368,-0.16946339005162536,-0.08686216774452071
251,0.25125125125125125,-0.10734368822604118,-0.16979594185476538,-0.0870037340625576
252,0.25225225225225223,-0.10738976180152648,-0.1701284936579054,-0.08724079312314603
253,0.25325325325325326,-0.10772231360466655,-0.17074752368870016,-0.08776433041138926
254,0.25425425425425424,-0.10805486540780657,-0.1716530319471496,-0.08771491124432299
255,0.2552552552552553,-0.10829192446839508,-0.17255854020559905,-0.08718802836449896
256,0.25625625625625625,-0.10805151981622568,-0.17289109200873906,-0.0872341019399843
257,0.25725725725725723,-0.1086705498470204,-0.1731281510693275,-0.08775763922822744
258,0.25825825825825827,-0.10871662342250579,-0.1734607028724676,-0.0880901910313675
259,0.25925925925925924,-0.10924016071074893,-0.17341128370540132,-0.08794527912174971
260,0.2602602602602603,-0.10938172702878587,-0.1734573572808867,-0.08770487446958036
261,0.26126126126126126,-0.10933230786171963,-0.17378990908402672,-0.08708249884720473
262,0.26226226226226224,-0.10909190320955023,-0.17440893911482144,-0.08712857242269004
263,0.26326326326326327,-0.10894699129993249,-0.17493247640306464,-0.08707915325562385
264,0.26426426426426425,-0.10956602133072721,-0.17497854997854995,-0.08731621231621231
265,0.2652652652652653,-0.10951660216366099,-0.17550208726679317,-0.0872667931491461
266,0.26626626626626626,-0.11004013945190416,-0.176312102782691,-0.08750385220973456
267,0.26726726726726724,-0.11008621302738947,-0.17693113281348571,-0.08754992578521986
268,0.2682682682682683,-0.11013228660287483,-0.1769772063889711,-0.08711853564794741
269,0.26926926926926925,-0.11027385292091171,-0.17750074367721425,-0.08678263825322646
270,0.2702702702702703,-0.11041541923894865,-0.17726033902504493,-0.08673321908616027
271,0.27127127127127126,-0.11036600007188241,-0.1779748617983912,-0.08697027814674874
272,0.27227227227227224,-0.11041207364736774,-0.17859389182918592,-0.08720733720733717
273,0.2732732732732733,-0.11074462545050781,-0.17873545814722286,-0.08773087449558037
274,0.27427427427427425,-0.1108861917685447,-0.17906800995036287,-0.08825441178382354
275,0.2752752752752753,-0.11074127985892693,-0.1794960544960545,-0.0883004853593089
276,0.27627627627627627,-0.11050087520675755,-0.1799240990417461,-0.08815557344969108
277,0.2772772772772773,-0.1106424415247945,-0.1801611581023346,-0.08801066154007334
278,0.2782782782782783,-0.11059302235772825,-0.18039821716292304,-0.08796124237300709
279,0.27927927927927926,-0.11092557416086826,-0.18053978348095995,-0.08810280869104398
280,0.2802802802802803,-0.11058967676614737,-0.18087233528410002,-0.08776691129632308
281,0.28128128128128127,-0.11101772131183896,-0.18130037982979158,-0.08781298487180839
282,0.2822822822822823,-0.11106379488732432,-0.1820149026031379,-0.08814553667494845
283,0.2832832832832833,-0.11110986846280965,-0.18215646892117482,-0.08752316105257282
284,0.28428428428428426,-0.11106044929574338,-0.18258451346686638,-0.08776022011316126
285,0.2852852852852853,-0.11101103012867719,-0.18291706527000645,-0.0881882646588529
286,0.2862862862862863,-0.11143907467436878,-0.18305863158804334,-0.08813884549178666
287,0.2872872872872873,-0.11158064099240572,-0.18348667613373498,-0.08856689003747828
288,0.2882882882882883,-0.11105375811258164,-0.183819227936875,-0.08861296361296361
289,0.28928928928928926,-0.11033588974765443,-0.18405628699746346,-0.08856354444589737
290,0.2902902902902903,-0.10990449961038198,-0.18477080977080979,-0.08889609624903744
291,0.2912912912912913,-0.10947310947310945,-0.18491237608884664,-0.08856019885431649
292,0.2922922922922923,-0.1087552411081823,-0.18543591337708987,-0.08812880871704404
293,0.2932932932932933,-0.10861032919856448,-0.18576846518022988,-0.08817488229252934
294,0.29429429429429427,-0.10875189551660136,-0.18629200246847305,-0.08831644861056623
295,0.2952952952952953,-0.1088934618346383,-0.18672004701416467,-0.0886490004137063
296,0.2962962962962963,-0.10922601363777834,-0.18676612058964998,-0.08840859576153692
297,0.2972972972972973,-0.10955856544091841,-0.18738515062044475,-0.08826368385191916
298,0.2982982982982983,-0.10998660998660997,-0.18809967339379102,-0.08850074291250762
299,0.29929929929929927,-0.10993719081954373,-0.18814574696927636,-0.08911977294330234
300,0.3003003003003003,-0.10960129342482283,-0.188573791514968,-0.08897486103368457
301,0.3013013013013013,-0.10974285974285972,-0.18881085057555644,-0.08854347089641204
302,0.3023023023023023,-0.11007541154599979,-0.18933438786379964,-0.0881120807591396
303,0.3033033033033033,-0.11012148512148512,-0.18995341789459436,-0.08844463256227961
304,0.30430430430430433,-0.11035854418207361,-0.19019047695518287,-0.08915915533562596
305,0.3053053053053053,-0.11030912501500736,-0.1904275360157713,-0.08930072165366285
306,0.3063063063063063,-0.10978224213518328,-0.1908555805614629,-0.08944228797169973
307,0.3073073073073073,-0.11021028668087493,-0.190519683166742,-0.08958385428973664
308,0.3083083083083083,-0.10939692557339614,-0.1905657567422273,-0.08962992786522198
309,0.30930930930930933,-0.10953849189143308,-0.19099380128791896,-0.08967600144070734
310,0.3103103103103103,-0.10968005820946997,-0.1912308603485074,-0.0901995387289505
311,0.3113113113113113,-0.10991711727005843,-0.19165890489419898,-0.09062758327464207
312,0.3123123123123123,-0.10967671261788911,-0.19218244218244218,-0.09096013507778214
313,0.3133133133133133,-0.10991377167847755,-0.1923240085004791,-0.09110170139581902
314,0.31431431431431434,-0.11015083073906606,-0.19265656030361916,-0.09133876045640754
315,0.3153153153153153,-0.11029239705710295,-0.19318009759186228,-0.0917668050020991
316,0.3163163163163163,-0.11081593434534609,-0.19370363488010545,-0.09209935680523915
317,0.3173173173173173,-0.11057552969317677,-0.1937497084555908,-0.0918589521530698
318,0.3183183183183183,-0.11043061778355895,-0.19408226025873082,-0.09114108378814259
319,0.31931931931931934,-0.11047669135904431,-0.1938418556065615,-0.09128265010617953
320,0.3203203203203203,-0.11042727219197807,-0.1942699001522531,-0.09056478174125232
321,0.3213213213213213,-0.11018686753980869,-0.19422048098518685,-0.09089733354439233
322,0.32232232232232233,-0.11042392660039721,-0.19417106181812066,-0.0898929869518105
323,0.3233233233233233,-0.10989704372057313,-0.19431262813615754,-0.08917511858688329
324,0.32432432432432434,-0.1102295955237132,-0.19426320896909133,-0.08893471393471394
325,0.3253253253253253,-0.11065764006940476,-0.1944047752871282,-0.0888852947676477
326,0.3263263263263263,-0.11003526444702913,-0.19445084886261355,-0.08893136834313303
327,0.32732732732732733,-0.10998584527996294,-0.19506987889340832,-0.08916842740372152
328,0.3283283283283283,-0.11031839708310295,-0.19559341618165146,-0.08911900823665528
329,0.32932932932932935,-0.11007799243093364,-0.1954485042720337,-0.08887860358448596
330,0.3303303303303303,-0.11012406600641894,-0.19482612864965806,-0.08863819893231659
331,0.3313313313313313,-0.11026563232445583,-0.1953496659379012,-0.08858877976525031
332,0.33233233233233234,-0.11050269138504434,-0.19520475402828344,-0.08825288237052945
333,0.3333333333333333,-0.11016679399032339,-0.1954418130888719,-0.08858543417366946
334,0.33433433433433435,-0.1098308965956025,-0.19558337940690884,-0.08777207306619073
335,0.3353353353353353,-0.1098769701710878,-0.19591593121004885,-0.08743617567146977
336,0.3363363363363363,-0.10954107277636688,-0.19624848301318887,-0.08729126376185198
337,0.33733733733733734,-0.10968263909440379,-0.19648554207377736,-0.08743283007988892
338,0.3383383383383383,-0.10944223444223442,-0.19691358661946895,-0.08738341091282265
339,0.33933933933933935,-0.10977478624537448,-0.19743712390771215,-0.08704751351810175
340,0.34034034034034033,-0.10953438159320511,-0.19776967571085216,-0.0867116161233808
341,0.34134134134134136,-0.10919848419848421,-0.1982932129990954,-0.0864712114712115
342,0.34234234234234234,-0.10924455777396955,-0.19891224302989008,-0.0862308068190421
343,0.3433433433433433,-0.10900415312180015,-0.19914930209047854,-0.08570392393921805
344,0.34434434434434436,-0.10838177749942457,-0.1991953756659639,-0.08594098299980651
345,0.34534534534534533,-0.10775940187704891,-0.19971891295420707,-0.08617804206039498
346,0.34634634634634637,-0.108091953680189,-0.2004334357275534,-0.08584214466567408
347,0.34734734734734735,-0.10832901274077744,-0.20038401656048715,-0.08588821824115944
348,0.3483483483483483,-0.10770663711840181,-0.20043009013597246,-0.08564781358899004
349,0.34934934934934936,-0.10756172520878404,-0.2005716564540094,-0.08559839442192385
350,0.35035035035035034,-0.10760779878426935,-0.20061773002949473,-0.08535798976975445
351,0.35135135135135137,-0.10765387235975474,-0.2006638036049801,-0.08540406334523981
352,0.35235235235235235,-0.10789093142034317,-0.2009963554081201,-0.08583210789093143
353,0.3533533533533533,-0.10803249773838006,-0.2014243999538117,-0.08559170323876203
354,0.35435435435435436,-0.10826955679896857,-0.2013749807867455,-0.0859242550419021
355,0.35535535535535534,-0.10869760134466017,-0.2012300688771277,-0.08635229958759372
356,0.3563563563563564,-0.10864818217759395,-0.20146712793771618,-0.08668485139073379
357,0.35735735735735735,-0.10850327026797615,-0.20141770877064993,-0.08673092496621909
358,0.35835835835835833,-0.10816737287325517,-0.2016547678312384,-0.08639502757149814
359,0.35935935935935936,-0.10840443193384369,-0.20141436317906908,-0.08653659388953505
360,0.36036036036036034,-0.10835501276677745,-0.2017469149822091,-0.08686914569267506
361,0.3613613613613614,-0.10811460811460816,-0.20207946678534916,-0.08672423378305733
362,0.36236236236236236,-0.10806518894754186,-0.20250751133104072,-0.08610185816068167
363,0.36336336336336333,-0.10811126252302722,-0.2027445703916292,-0.08586145350851232
364,0.36436436436436437,-0.10834832158361568,-0.20307712219476926,-0.08590752708399768
365,0.36536536536536535,-0.10782143870379163,-0.203027703027703,-0.08604909340203454
366,0.3663663663663664,-0.10777201953672544,-0.2036467330584978,-0.08628615246262306
367,0.36736736736736736,-0.1079135858547623,-0.20388379211908622,-0.08623673329555681
368,0.3683683683683684,-0.1073867029749383,-0.2036433874669169,-0.08609182138593907
369,0.36936936936936937,-0.1074327765504236,-0.2036894610424022,-0.08623338770397593
370,0.37037037037037035,-0.10661941544294484,-0.2038310273604391,-0.08599298305180658
371,0.3713713713713714,-0.1061880253056724,-0.20387710093592448,-0.08623004211239504
372,0.37237237237237236,-0.10527917145564203,-0.2042096527390645,-0.0862761156878804
373,0.3733733733733734,-0.10465679583326642,-0.20492417551241082,-0.08632218926336577
374,0.3743743743743744,-0.10412991295344237,-0.20525672731555084,-0.08636826283885107
375,0.37537537537537535,-0.10379401555872142,-0.20558927911869085,-0.08603236544413012
376,0.3763763763763764,-0.10326713267889742,-0.20563535269417624,-0.08655590273237335
377,0.37737737737737737,-0.10274024979907331,-0.20520396255690374,-0.08660197630785865
378,0.3783783783783784,-0.10249984514690397,-0.20563200710259535,-0.08597960068548305
379,0.3793793793793794,-0.1016864840394252,-0.20577357342063224,-0.0857391960333137
380,0.38038038038038036,-0.10144607938725586,-0.2060106324812207,-0.08588076235135056
381,0.3813813813813814,-0.10149215296274122,-0.20586572057160293,-0.08497190850132025
382,0.38238238238238237,-0.10125174831057182,-0.2058163014045367,-0.08511347481935716
383,0.3833833833833834,-0.10129782188605718,-0.20605336046512518,-0.08496856290973942
384,0.3843843843843844,-0.1014393882040941,-0.2063859122682652,-0.08520562197032783
385,0.38538538538538536,-0.10138996903702785,-0.20662297132885366,-0.08553817377346784
386,0.3863863863863864,-0.10134054986996166,-0.20666904490433902,-0.08472481266598914
387,0.38738738738738737,-0.10110014521779226,-0.2070970894500306,-0.08457990075637134
388,0.3883883883883884,-0.10085974056562291,-0.2068566847978613,-0.08481695981695986
389,0.3893893893893894,-0.10023736494324731,-0.20709374385844972,-0.08524500436265142
390,0.39039039039039036,-0.10037893126128417,-0.20704432469138348,-0.08519558519558518
391,0.3913913913913914,-0.10042500483676953,-0.20718589100942042,-0.08466870231576112
392,0.3923923923923924,-0.10047107841225489,-0.20723196458490575,-0.08461928314869488
393,0.3933933933933934,-0.10013518101753399,-0.20766000913059737,-0.0846653567241803
394,0.3943943943943944,-0.09941731265260678,-0.20761058996353113,-0.08480692304221715
395,0.39539539539539537,-0.09898592251533422,-0.2078476490241196,-0.08485299661770246
396,0.3963963963963964,-0.09893650334826803,-0.20798921534215653,-0.08489907019318782
397,0.3973973973973974,-0.09812314224078927,-0.20813078166019341,-0.08437218731336377
398,0.3983983983983984,-0.09797823033117153,-0.20846333346333348,-0.08413178266119442
399,0.3993993993993994,-0.09783331842155368,-0.20841391429626724,-0.08379588526647347
400,0.40040040040040037,-0.09701995731407492,-0.20845998787175254,-0.08374646609940722
401,0.4014014014014014,-0.09639758169169932,-0.20841056870468636,-0.08293310499192852
402,0.4024024024024024,-0.09587069881187527,-0.20826565679506853,-0.08240622211210447
403,0.4034034034034034,-0.09524832318949966,-0.20878919408331173,-0.08207032471738357
404,0.4044044044044044,-0.09491242579477871,-0.20854878943114236,-0.08202090555031732
405,0.40540540540540543,-0.09476751388516097,-0.20878584849173087,-0.08187599364069953
406,0.4064064064064064,-0.09414513826278531,-0.2090229075523193,-0.08163558898853018
407,0.4074074074074074,-0.09400022635316752,-0.20897348838525306,-0.08177715530656704
408,0.4084084084084084,-0.09356883621589507,-0.2094015329309447,-0.08172773613950085
409,0.4094094094094094,-0.09351941704882882,-0.20906563553622376,-0.08196479520008931
410,0.41041041041041043,-0.09318351965410793,-0.20882523088405444,-0.08181988329047157
411,0.4114114114114114,-0.09284762225938697,-0.20858482623188504,-0.08129300041064746
412,0.4124124124124124,-0.09260721760721757,-0.20891737803502508,-0.08095710301592651
413,0.4134134134134134,-0.09246230569759983,-0.20829500241264948,-0.08071669836375722
414,0.4144144144144144,-0.09193542281777572,-0.20795910501792852,-0.08057178645413937
415,0.41541541541541543,-0.09112206171029702,-0.20762320762320763,-0.08014039631686692
416,0.4164164164164164,-0.09088165705812762,-0.20824223765400235,-0.08018646989235223
417,0.4174174174174174,-0.09035477417830357,-0.2079063402592814,-0.07956409426997657
418,0.4184184184184184,-0.08973239855592796,-0.20814339931986992,-0.07922819687525573
419,0.4194194194194194,-0.09035142858672268,-0.2082849656379068,-0.07860582125288007
420,0.42042042042042044,-0.08944257473669243,-0.20833103921339216,-0.07826992385815917
421,0.4214214214214214,-0.08862921362921361,-0.20789964907611966,-0.07812501194854138
422,0.4224224224224224,-0.08886627268980207,-0.20804121539415654,-0.07788460729637198
423,0.42342342342342343,-0.08843488255252963,-0.20799179622709035,-0.0781216663569605
424,0.4244244244244244,-0.08762152144505087,-0.2082288552876788,-0.07826323267499735
425,0.42542542542542544,-0.08757210227798462,-0.2084659143482673,-0.0775453643100702
426,0.4264264264264264,-0.08704521939816057,-0.2085119879237526,-0.07787791611321021
427,0.4274274274274274,-0.08680481474599117,-0.20884453972689263,-0.07763751146104086
428,0.42842842842842843,-0.08637342460871872,-0.20879512055982644,-0.07749259955142307
429,0.4294294294294294,-0.08584654172889467,-0.2093186578480696,-0.07772965861201153
430,0.43043043043043044,-0.08493768787886435,-0.20946022416610655,-0.07720277573218753
431,0.4314314314314314,-0.08498376145434966,-0.20950629774159185,-0.07696237108001813
432,0.43243243243243246,-0.08493434228728347,-0.20926589308942253,-0.07672196642784879
433,0.43343343343343343,-0.08440745940745942,-0.2091209811798047,-0.0768635327458857
434,0.4344344344344344,-0.08349860555742905,-0.2095490257254963,-0.0766231280937163
435,0.43543543543543545,-0.08335369364781131,-0.20883115736056915,-0.07580976698623759
436,0.4364364364364364,-0.08273131802543565,-0.20868624545095132,-0.0763333042744807
437,0.43743743743743746,-0.08268189885836946,-0.20863682628388514,-0.07609289962231142
438,0.43843843843843844,-0.08253698694875167,-0.20868289985937044,-0.07623446594034827
439,0.4394394394394394,-0.08229658229658227,-0.20911094440506203,-0.07599406128817893
440,0.44044044044044045,-0.08167420667420666,-0.2091570179805474,-0.07537168566580332
441,0.44144144144144143,-0.08133830927948571,-0.20929858429858428,-0.07532226649873708
442,0.44244244244244246,-0.08109790462731642,-0.20858071593365712,-0.07508186184656773
443,0.44344344344344344,-0.08114397820280173,-0.20853129676659088,-0.07455497896674368
444,0.4444444444444444,-0.08090357355063232,-0.20819539937186993,-0.07469654528478054
445,0.44544544544544545,-0.08009021244315362,-0.20785950197714903,-0.07464712611771435
446,0.44644644644644643,-0.07956332956332957,-0.2080965610377375,-0.07469319969319965
447,0.44744744744744747,-0.07894095394095396,-0.2080471418706713,-0.07435730229847881
448,0.44844844844844844,-0.07850956380368146,-0.20771124447595035,-0.07468985410161882
449,0.4494494494494494,-0.07779169543875425,-0.20813928902164194,-0.07444944944944942
450,0.45045045045045046,-0.07716931981637865,-0.20837634808223043,-0.07440003028238323
451,0.45145145145145144,-0.07692891516420924,-0.20880439262792203,-0.0749235675706264
452,0.45245245245245247,-0.07640203228438525,-0.20894595894595897,-0.07516062663121487
453,0.45345345345345345,-0.07492022197904552,-0.20899203252144427,-0.07425177278118456
454,0.4544544544544544,-0.07534826652473708,-0.20865613512672335,-0.0736293971588089
455,0.45545545545545546,-0.07443941267470677,-0.2087022087022087,-0.0731025142789849
456,0.45645645645645644,-0.07400802253743427,-0.2088437750202456,-0.07219366042895453
457,0.4574574574574575,-0.07386311062781653,-0.2087943558531794,-0.07195325577678519
458,0.45845845845845845,-0.07304974952033777,-0.20864944394356158,-0.07152186563951268
459,0.45945945945945943,-0.07261835938306521,-0.20831354654884066,-0.07118596824479173
460,0.46046046046046046,-0.07170950553303496,-0.20826412738177447,-0.0713275345628287
461,0.46146146146146144,-0.0710871299106593,-0.20754625901684726,-0.07156459362341716
462,0.4624624624624625,-0.07113320348614466,-0.20768782533488417,-0.07151517445635092
463,0.46346346346346345,-0.07089279883397531,-0.20792488439547263,-0.07117927706163002
464,0.46446446446446443,-0.07074788692435746,-0.20797095797095794,-0.07074788692435746
465,0.46546546546546547,-0.07041198952963656,-0.2080170315464433,-0.07012551130198191
466,0.46646646646646645,-0.07036257036257032,-0.20720367043896454,-0.06978961390726096
467,0.4674674674674675,-0.06983568748274632,-0.2075362222421046,-0.06993118022529787
468,0.46846846846846846,-0.06930880460292221,-0.20767778856014146,-0.06959528283057692
469,0.4694694694694695,-0.06897290720820137,-0.20791484762072998,-0.06897290720820137
470,0.47047047047047047,-0.06854151707092881,-0.20757895022600903,-0.06825503884327416
471,0.47147147147147145,-0.06858759064641418,-0.20705206734618498,-0.06830111241875947
472,0.4724724724724725,-0.06834718599424483,-0.2072891264067735,-0.06758324405383231
473,0.47347347347347346,-0.06762931762931762,-0.20743069272481035,-0.06782030311442072
474,0.4744744744744745,-0.06672046377928731,-0.20690380984498635,-0.06729342023459672
475,0.4754754754754755,-0.06667104461222106,-0.2070453761630232,-0.06695752283987577
476,0.47647647647647645,-0.06595317624729385,-0.20690046425340541,-0.06652613270260327
477,0.4774774774774775,-0.0652353078823667,-0.20723301605654548,-0.06609474256533082
478,0.47847847847847846,-0.06537687420040361,-0.20718359688947924,-0.06594983065571297
479,0.4794794794794795,-0.06437252760782175,-0.20684769949475834,-0.06609139697374994
480,0.4804804804804805,-0.06355916650034299,-0.20641630935748584,-0.06546902135137428
481,0.48148148148148145,-0.062459327165209466,-0.206271397447868,-0.06522861669920493
482,0.4824824824824825,-0.06174145880028231,-0.20612648553825025,-0.06479722656193243
483,0.48348348348348347,-0.06073711220770045,-0.20598157362863245,-0.06407935819700522
484,0.4844844844844845,-0.060496707555531104,-0.2057411689764631,-0.06393444628738748
485,0.4854854854854855,-0.06016081016081015,-0.20607372077960312,-0.06388502712032124
486,0.48648648648648646,-0.0598249127660892,-0.20564233064233062,-0.0641220861809097
487,0.4874874874874875,-0.059011551658610495,-0.20559291147526443,-0.06407266701384351
488,0.48848848848848847,-0.0588666397489927,-0.20563898505074973,-0.0633547986489163
489,0.4894894894894895,-0.058244264126617096,-0.2053985803985804,-0.06263693028398915
490,0.4904904904904905,-0.05676245382127737,-0.2050626830038595,-0.06268300385947445
491,0.49149149149149146,-0.05614007819890171,-0.20463129286658693,-0.06244259920730505
492,0.4924924924924925,-0.05618615177438707,-0.20467736644207235,-0.06220219455513576
493,0.4934934934934935,-0.05632771809242393,-0.20395949807714514,-0.062343760873172616
494,0.4944944944944945,-0.05541886424239367,-0.2039100789100789,-0.062198848963554876
495,0.4954954954954955,-0.05470099587746646,-0.20281023957494543,-0.06253140076669489
496,0.4964964964964965,-0.05455608396784872,-0.20237884943767298,-0.062386488857077094
497,0.4974974974974975,-0.05383821560292151,-0.20166098107274577,-0.06185960597725304
498,0.4984984984984985,-0.05397978192095837,-0.20075212722271546,-0.061714694067635245
499,0.4994994994994995,-0.05402585549644373,-0.20089369354075237,-0.0614742894154659
500,0.5005005005005005,-0.05292601616131032,-0.20008033243327367,-0.06152036299095126
501,0.5015015015015015,-0.05278110425169252,-0.20022189875131052,-0.06051601639836934
502,0.5025025025025025,-0.05292267056972938,-0.20036346506934744,-0.05998913351854529
503,0.5035035035035035,-0.05249128043245688,-0.20012306041717803,-0.05965323612382434
504,0.5045045045045045,-0.052155383037735925,-0.20016913399266334,-0.05941283147165494
505,0.5055055055055055,-0.051342021930257276,-0.20031070031070036,-0.0593634123045888
506,0.5065065065065065,-0.050624153565330066,-0.1996883246883247,-0.05855005119711004
507,0.5075075075075075,-0.050001777942954406,-0.19992538374891317,-0.0586916175151469
508,0.5085085085085085,-0.049092924092924095,-0.19949399361164066,-0.058355720120426
509,0.5095095095095095,-0.049043504925857795,-0.19925358895947126,-0.05897475015122067
510,0.5105105105105106,-0.048039158333276044,-0.19901318430730197,-0.05816138904374202
511,0.5115115115115115,-0.047512275453451935,-0.19934573611044198,-0.057729998906469515
512,0.5125125125125125,-0.04708088531617943,-0.19929631694337574,-0.05768057973940327
513,0.5135135135135135,-0.04674498792145848,-0.1990559122912064,-0.05696271137447606
514,0.5145145145145145,-0.047077539724598494,-0.19833804392627918,-0.05672230672230666
515,0.5155155155155156,-0.04721910604263552,-0.19800214653155834,-0.05638640932758582
516,0.5165165165165165,-0.04669222316281141,-0.19747526365173423,-0.05652797564562273
517,0.5175175175175175,-0.04549689108512639,-0.197425844484668,-0.056574049221108036
518,0.5185185185185185,-0.04497000820530228,-0.19747191806015335,-0.05614265908383553
519,0.5195195195195195,-0.04434763258292662,-0.1970405279228808,-0.055520283461459874
520,0.5205205205205206,-0.044011735188205836,-0.1966091377856084,-0.055279878809290584
521,0.5215215215215215,-0.04338935956583018,-0.1957002839355781,-0.05484848867201808
522,0.5225225225225225,-0.04286247668600607,-0.19517340105575398,-0.054799069504951836
523,0.5235235235235235,-0.042335593806182015,-0.19455102543337832,-0.05427218662512778
524,0.5245245245245245,-0.04209518915401261,-0.19402414255355427,-0.05384079648785528
525,0.5255255255255256,-0.04195027724439493,-0.19321078144607562,-0.05379137732078915
526,0.5265265265265265,-0.04132790162201927,-0.1922064348534937,-0.05326449444096504
527,0.5275275275275275,-0.040801018742195216,-0.19215701568642746,-0.05340606075900195
528,0.5285285285285285,-0.03970117940706175,-0.1918211182917065,-0.05373861256214196
529,0.5295295295295295,-0.03926978926978919,-0.19177169912464026,-0.05349820790997256
530,0.5305305305305306,-0.039124877360171506,-0.19105383075971316,-0.05344878874290643
531,0.5315315315315315,-0.038407008995244296,-0.1909089188500953,-0.053112891348185476
532,0.5325325325325325,-0.03749815514521393,-0.19095499242558067,-0.05258600846836142
533,0.5335335335335335,-0.03639831581008046,-0.19119205148616908,-0.05234560381619202
534,0.5345345345345345,-0.03596692567280796,-0.19076066134889658,-0.052200691906574226
535,0.5355355355355356,-0.03563102827808712,-0.1909022276669336,-0.05224676548205964
536,0.5365365365365365,-0.03510414539826301,-0.1909483012424189,-0.05152889711713243
537,0.5375375375375375,-0.034577262518438956,-0.19061240384769795,-0.05109750697985993
538,0.5385385385385385,-0.033572915925857094,-0.1907539701657348,-0.051143580555345236
539,0.5395395395395395,-0.03304603304603304,-0.19099102922632327,-0.05118965413083054
540,0.5405405405405406,-0.032996613878966796,-0.1910371028018087,-0.051426713191419116
541,0.5415415415415415,-0.03323367293955526,-0.1911786691198456,-0.05099532305414661
542,0.5425425425425425,-0.03308876102993752,-0.1910337572102278,-0.05123238211473502
543,0.5435435435435435,-0.03284835637776806,-0.1905068743304037,-0.05070549923491097
544,0.5445445445445445,-0.032225980755392514,-0.19017097693568275,-0.050369601840190015
545,0.5455455455455456,-0.03179459061812007,-0.1901215577686166,-0.05041567541567543
546,0.5465465465465466,-0.0310767222531928,-0.18902171843348314,-0.05036625624860919
547,0.5475475475475475,-0.031027303086126556,-0.18830385006855593,-0.05079430079430075
548,0.5485485485485485,-0.031073376661611918,-0.18796795267383498,-0.05007643242937354
549,0.5495495495495496,-0.029687059098823854,-0.1877275480216657,-0.04945405680699799
550,0.5505505505505506,-0.0291601762189998,-0.18767812885459945,-0.04978660861013806
551,0.5515515515515516,-0.028728786081727242,-0.18753321694498165,-0.04983268218562331
552,0.5525525525525525,-0.028679366914660998,-0.18652887035239973,-0.04921030656324776
553,0.5535535535535535,-0.02824797677738855,-0.1862884657002304,-0.04963835110893933
554,0.5545545545545546,-0.02791207938266771,-0.1855705973353033,-0.04892048274401217
555,0.5555555555555556,-0.02681224004753424,-0.18485272897037608,-0.04858458534929122
556,0.5565565565565566,-0.025903386197503875,-0.18451683157565513,-0.048344180697121875
557,0.5575575575575575,-0.02537650331767982,-0.18379896321072792,-0.047721805074746215
558,0.5585585585585585,-0.02504060592295887,-0.18336757307345536,-0.04748140042257687
559,0.5595595595595596,-0.02422724481548011,-0.18303167567873457,-0.047240995770407634
560,0.5605605605605606,-0.023795854678207662,-0.1821228218287042,-0.047096083860789784
561,0.5615615615615616,-0.023555450026038316,-0.1816914316914317,-0.04685567920862044
562,0.5625625625625625,-0.022933074403662657,-0.1812600415541592,-0.04661527455645098
563,0.5635635635635635,-0.0226926697514932,-0.180542173189232,-0.04685233361703944
564,0.5645645645645646,-0.02207029412911765,-0.1805882467647174,-0.04642094347976711
565,0.5655655655655656,-0.022116367704603013,-0.18025234936999646,-0.046562509797803964
566,0.5665665665665666,-0.021493992082227353,-0.1803939156880333,-0.045940134175428304
567,0.5675675675675675,-0.020871616459851694,-0.18043998926351867,-0.045317758553052645
568,0.5685685685685685,-0.020249240837476035,-0.1795311354134883,-0.045363832128538006
569,0.5695695695695696,-0.020104328927858406,-0.17938622350387062,-0.04531441296147187
570,0.5705705705705706,-0.019768431533137454,-0.17828638416873716,-0.045551472022060224
571,0.5715715715715716,-0.018859577683107087,-0.1778549940314646,-0.04531106736989088
572,0.5725725725725725,-0.01795072383307672,-0.17704163292398584,-0.04516615546027303
573,0.5735735735735735,-0.017232855468149566,-0.17661024278671333,-0.04473476532300058
574,0.5745745745745746,-0.01746991452873814,-0.17579688167923468,-0.04411238970062503
575,0.5755755755755756,-0.016561060678707773,-0.17507901331430747,-0.04358550682080098
576,0.5765765765765766,-0.016989105224399337,-0.17464762317703492,-0.04334510216863152
577,0.5775775775775776,-0.017321657027539406,-0.17431172578231396,-0.042913712031359075
578,0.5785785785785785,-0.017176745117921555,-0.17416681387269617,-0.04257781463663812
579,0.5795795795795796,-0.016554369495546006,-0.17402190196307848,-0.04243290272702038
580,0.5805805805805806,-0.016122979358273448,-0.17330403359815127,-0.041333063391886915
581,0.5815815815815816,-0.01502314002313998,-0.1721087015204662,-0.04080618051206286
582,0.5825825825825826,-0.014114286173109725,-0.17129534041298744,-0.04047028311734191
583,0.5835835835835835,-0.013014446837976146,-0.1712459212459212,-0.04070734217793037
584,0.5845845845845846,-0.012105592987946001,-0.17062354562354565,-0.04046693752576114
585,0.5855855855855856,-0.01129223188046724,-0.16961919903096373,-0.04032202561614329
586,0.5865865865865866,-0.011051827228297784,-0.16890133066603652,-0.03989063547887073
587,0.5875875875875876,-0.01033395886337063,-0.16866092601386717,-0.03974572356925299
588,0.5885885885885885,-0.01038003243885588,-0.16794305764893996,-0.039218840689428824
589,0.5895895895895896,-0.009089207618619422,-0.16751166751166757,-0.03878745055215649
590,0.5905905905905906,-0.008180353768589055,-0.16708027737439501,-0.03835606041488393
591,0.5915915915915916,-0.007271499918558688,-0.16693536546477722,-0.03792467027761148
592,0.5925925925925926,-0.007508558979147151,-0.16679045355515942,-0.037302294655235824
593,0.5935935935935935,-0.007554632554632512,-0.16645455616043847,-0.036870904517963266
594,0.5945945945945946,-0.006836764189705358,-0.1665006297359239,-0.03710796357855184
595,0.5955955955955956,-0.005927910339675102,-0.1665467033114092,-0.036581080698727786
596,0.5965965965965966,-0.005401027459850938,-0.16592432768903354,-0.03653166153166154
597,0.5975975975975976,-0.004587666352372177,-0.16558843029431264,-0.03619576413694059
598,0.5985985985985985,-0.0034878270172387094,-0.16534802564214324,-0.036146344969874344
599,0.5995995995995996,-0.002865451394863161,-0.16482114276231924,-0.03542847660494719
600,0.6006006006006006,-0.002529554000142209,-0.16467623085270144,-0.034710608240020036
601,0.6016016016016016,-0.002193656605421257,-0.16386286974522268,-0.03427921810274748
602,0.6026026026026026,-0.0021442374383550122,-0.16295401589519232,-0.03413430619312974
603,0.6036036036036035,-0.0013308763308762517,-0.16261811850047136,-0.03398939428351189
604,0.6046046046046046,-0.0008994861936039156,-0.16170926465044116,-0.03393997511644575
605,0.6056056056056056,-0.0005635887988829635,-0.1613733672557202,-0.03436801966213732
606,0.6066066066066066,-0.0004186768892651127,-0.16103746986099926,-0.034032122267416365
607,0.6076076076076076,0.00020369873311054665,-0.16051058698117515,-0.03360073213014381
608,0.6086086086086087,0.0010170598405891962,-0.16074764604176373,-0.033742298448180885
609,0.6096096096096096,0.0018304209480679567,-0.16041174864704277,-0.033119922825805226
610,0.6106106106106106,0.0026437820555467173,-0.159598387539564,-0.03240205446087796
611,0.6116116116116116,0.0030751721928192755,-0.15868953368953365,-0.03187517158105391
612,0.6126126126126126,0.0035065623300918336,-0.15806715806715804,-0.03125279595867825
613,0.6136136136136137,0.00393795246736417,-0.1577312606724372,-0.03168084050436992
614,0.6146146146146146,0.005037791802497638,-0.15653592859475213,-0.030962972139442768
615,0.6156156156156156,0.005660167424873297,-0.15591355297237652,-0.03100904571492802
616,0.6166166166166166,0.005900572077042643,-0.15500469912234616,-0.03038667009255247
617,0.6176176176176176,0.0067139331845215144,-0.15457330898507365,-0.029859787212728306
618,0.6186186186186187,0.007718279777103265,-0.15404642610524966,-0.029523889818007465
619,0.6196196196196196,0.00910459733989144,-0.1529465867701162,-0.029187992423286513
620,0.6206206206206206,0.009822465704818595,-0.15203773292008588,-0.028756602286014066
621,0.6216216216216216,0.010922305039952174,-0.15141535729771022,-0.028611690376396215
622,0.6226226226226226,0.011735666147430934,-0.15060199619023146,-0.02856227120932997
623,0.6236236236236237,0.01197607079960017,-0.14978863508275275,-0.028608344784815443
624,0.6246246246246246,0.012502953679424222,-0.1495482304305834,-0.028176954647542884
625,0.6256256256256256,0.013220822044351488,-0.14921233303586245,-0.027745564510270437
626,0.6266266266266266,0.013652212181623935,-0.1483989719283837,-0.02731417437299788
627,0.6276276276276276,0.014943037001860615,-0.14796758179111114,-0.02669179875062222
628,0.6286286286286287,0.016233861822097073,-0.14753619165383874,-0.026642379583556086
629,0.6296296296296297,0.01599680276150861,-0.14739127974422095,-0.026974931386696155
630,0.6306306306306306,0.01681016386898737,-0.1473418605771547,-0.02644804850687199
631,0.6316316316316316,0.01724155400625993,-0.1469104704398822,-0.026207643854702645
632,0.6326326326326326,0.017959422371187084,-0.1466700657877128,-0.026253717430188006
633,0.6336336336336337,0.01839081250845953,-0.14576121193768254,-0.02582232729291556
634,0.6346346346346347,0.018440231675525776,-0.14475686534510068,-0.025390937155643112
635,0.6356356356356356,0.019349085525556142,-0.14394350423762187,-0.02524602524602526
636,0.6366366366366366,0.019684982920277094,-0.14370309958545252,-0.024241678653443288
637,0.6376376376376376,0.01992538757244644,-0.14250776750776745,-0.024001274001273942
638,0.6386386386386387,0.019783821254409473,-0.14150342091518564,-0.022710449181037484
639,0.6396396396396397,0.019833240421475717,-0.1412630162630163,-0.02266103001397124
640,0.6406406406406406,0.019596181360887255,-0.1408316261257438,-0.022420625361801783
641,0.6416416416416416,0.020123064240711308,-0.1409731924437807,-0.022371206194735538
642,0.6426426426426426,0.02093642534819007,-0.14073278779161125,-0.02174883057235988
643,0.6436436436436437,0.02108133725780781,-0.1400149194266842,-0.021508425920190644
644,0.6446446446446447,0.022181176592941276,-0.13967902203196325,-0.020695064812711883
645,0.6456456456456456,0.022803552215316936,-0.1391521391521392,-0.020550152903094032
646,0.6466466466466466,0.02333043509514099,-0.13872074901486664,-0.01973679179561527
647,0.6476476476476476,0.023188868777104132,-0.1384803443626973,-0.019496387143445926
648,0.6486486486486487,0.024193215369685883,-0.13766698325521853,-0.01877851877851877
649,0.6496496496496497,0.023574185338891218,-0.1374265786030492,-0.018538114126349425
650,0.6506506506506506,0.023528111763405857,-0.13670871023812203,-0.01848869495928318
651,0.6516516516516516,0.02405499464323002,-0.13579985638809167,-0.018057304822010622
652,0.6526526526526526,0.02467737026560557,-0.1348910025380613,-0.01753042194218657
653,0.6536536536536537,0.025395238630532724,-0.13465059788589206,-0.016812553577259526
654,0.6546546546546547,0.025826628767805282,-0.13316878758055228,-0.016381163439986968
655,0.6556556556556556,0.026353511647629335,-0.13273739744327984,-0.016236251530369117
656,0.6566566566566566,0.02659391629979868,-0.13240150004855888,-0.015900354135648165
657,0.6576576576576576,0.027120799179622734,-0.1312061679708738,-0.016041920453685132
658,0.6586586586586587,0.02736120383179208,-0.13029731412084355,-0.015992501286619
659,0.6596596596596597,0.02798357945416763,-0.1292929675282617,-0.01556111114934644
660,0.6606606606606606,0.028223984106337086,-0.12819312819312823,-0.015511691982280196
661,0.6616616616616616,0.029228330698918947,-0.12718878160054625,-0.014984809102456143
662,0.6626626626626626,0.029182257123433697,-0.1265664059781706,-0.01464891170773519
663,0.6636636636636637,0.03037758920111855,-0.12584853761324355,-0.013549072372601834
664,0.6646646646646647,0.0305225011107364,-0.1252261619908679,-0.013404160462983983
665,0.6656656656656657,0.030858398505457352,-0.12450829362594062,-0.012972770325711536
666,0.6666666666666666,0.030907817672523596,-0.12407690348866818,-0.013496307613954595
667,0.6676676676676676,0.03124371506724455,-0.12355002060884412,-0.013255902961785249
668,0.6686686686686687,0.03138862697686229,-0.12292764498646858,-0.012347049111754993
669,0.6696696696696697,0.03172452437158324,-0.12220977662154131,-0.01115171703407003
670,0.6706706706706707,0.032251407251407294,-0.12082345905875314,-0.01100680512445218
671,0.6716716716716716,0.03268279738867974,-0.12048756166403218,-0.010288936759524914
672,0.6726726726726726,0.03301869478340069,-0.12024715701186284,-0.009857546622252467
673,0.6736736736736737,0.032877128465363725,-0.11943379590438419,-0.009521649227531626
674,0.6746746746746747,0.033022040374981576,-0.11947986947986944,-0.009567722803016876
675,0.6756756756756757,0.03268948857184151,-0.11914397208514849,-0.009040839923192823
676,0.6766766766766766,0.03302538596656246,-0.11823511823511823,-0.008418464300817163
677,0.6776776776776777,0.033743254331489614,-0.11723077164253637,-0.008560030618854242
678,0.6786786786786787,0.03369718075600425,-0.11670388876271232,-0.008510611451787997
679,0.6796796796796797,0.03441504912093152,-0.11598602039778516,-0.008461192284721752
680,0.6806806806806807,0.03522841022841028,-0.11565012300306421,-0.0081252948900008
681,0.6816816816816816,0.03527782939547652,-0.11464577641048224,-0.008266861208037657
682,0.6826826826826827,0.03532724856254266,-0.11402340078810669,-0.008217442040971523
683,0.6836836836836837,0.035758638699815104,-0.11301905419552483,-0.008072530131353672
684,0.6846846846846847,0.03561707238177825,-0.11182372211783975,-0.007545647251529619
685,0.6856856856856857,0.035570998806293,-0.1114878247231188,-0.007209749856808667
686,0.6866866866866866,0.03571591071591074,-0.11076995635819165,-0.0063963887493299065
687,0.6876876876876877,0.03595631536808008,-0.1104340589634708,-0.0060604913546090655
688,0.6886886886886887,0.03619672002024943,-0.11009816156874985,-0.006011072187542821
689,0.6896896896896897,0.03634163192986728,-0.10928480046127109,-0.005961653020476576
690,0.6906906906906907,0.03696400755224283,-0.10837594661124073,-0.0051482919129978155
691,0.6916916916916916,0.03710891946186068,-0.10794455647396817,-0.005098872745931571
692,0.6926926926926927,0.03725383137147842,-0.10713119536648952,-0.00476297535121073
693,0.6936936936936937,0.03797169973640557,-0.10641332700156236,-0.004522570699041273
694,0.6946946946946947,0.03792562616092032,-0.1058864441217382,-0.004377658789423533
695,0.6956956956956957,0.03787955258543496,-0.10583702495467195,-0.004232746879805682
696,0.6966966966966966,0.037737986267398105,-0.10483267836209009,-0.003992342227636336
697,0.6976976976976977,0.038073883662118946,-0.10354185354185363,-0.003465459347812283
698,0.6986986986986987,0.03907823025470081,-0.10330144888968418,-0.0034160401807460383
699,0.6996996996996997,0.03960511313452486,-0.10201062406944761,-0.0032711282711282985
700,0.7007007007007007,0.0391770685888333,-0.10071979924921104,-0.0030307236189588416
701,0.7017017017017017,0.03999042969631206,-0.10038390185449009,-0.0026948262242378895
702,0.7027027027027027,0.04080379080379082,-0.09947504800445983,-0.0020724506018624522
703,0.7037037037037037,0.040566731743202356,-0.09923464335229037,-0.0018320459496929953
704,0.7047047047047047,0.041380092850681116,-0.09861226772991483,-0.0018781195251783567
705,0.7057057057057057,0.04162049750285046,-0.09751242839478136,-0.0012557439028026973
706,0.7067067067067067,0.04186090215501981,-0.0967945600298541,-0.0013018174782880587
707,0.7077077077077077,0.04238778503484386,-0.09684063360533957,-0.0009659200835672177
708,0.7087087087087087,0.042914667914667914,-0.09679121443827332,-0.0011074864016040742
709,0.7097097097097097,0.04315507256683726,-0.09607334607334606,-0.000580603521780021
710,0.7107107107107107,0.04310899899135201,-0.0954509704509704,-0.0004356916121621701
711,0.7117117117117117,0.043158418158418255,-0.09406465288818222,9.119126766188312e-05
712,0.7127127127127127,0.04320783732548439,-0.09306030629560047,0.00042708866238272414
713,0.7137137137137137,0.044116691175514644,-0.09281990164343101,0.001431435254964697
714,0.7147147147147147,0.044452588570235596,-0.09162456956574605,0.0016718399071340428
715,0.7157157157157157,0.04478848596495655,-0.09023825200295787,0.002294215529509702
716,0.7167167167167167,0.045028890617126005,-0.08961587638058222,0.002248141954024341
717,0.7177177177177178,0.04498281704164053,-0.08927997898586137,0.0023930538636420806
718,0.7187187187187187,0.04541420717891309,-0.08884858884858882,0.00301542948601774
719,0.7197197197197197,0.04699151022680437,-0.08822621322621327,0.003924283336048107
720,0.7207207207207207,0.04713642213642222,-0.08808130131659542,0.0041646879882174526
721,0.7217217217217217,0.04747231953114317,-0.08698146198146195,0.004309599897835303
722,0.7227227227227228,0.047521738698209304,-0.08597711538888009,0.00407254083724673
723,0.7237237237237237,0.04728467963762084,-0.08487727605374662,0.004790409202173884
724,0.7247247247247247,0.04685663509192928,-0.08463687140157727,0.005412784824549544
725,0.7257257257257257,0.047479010714304826,-0.08401449577920161,0.005939667704373597
726,0.7267267267267267,0.04695547342606177,-0.08367859838448066,0.006275565099094549
727,0.7277277277277278,0.04652742888036998,-0.08334270098975982,0.006993433464021703
728,0.7287287287287287,0.047054311760194145,-0.08214736891207475,0.0075203163438457565
729,0.7297297297297297,0.04710373092726039,-0.08133400780459599,0.00804719922366981
730,0.7307307307307307,0.04686667186667193,-0.08032966121201413,0.008574082103493863
731,0.7317317317317317,0.04720256926139288,-0.08018474930239627,0.009005472240766421
732,0.7327327327327328,0.04782494488376843,-0.07870293899705672,0.009150384150384161
733,0.7337337337337337,0.04816084227848938,-0.07788957788957784,0.009199803317450406
734,0.7347347347347347,0.048210261445555624,-0.0776491732374085,0.009344715227068146
735,0.7357357357357357,0.04892812981048278,-0.07721778310013605,0.010158076334547017
736,0.7367367367367368,0.04897754897754891,-0.07707287119051831,0.010302988244164646
737,0.7377377377377378,0.04902696814461516,-0.07568655362773014,0.010256914668679395
738,0.7387387387387387,0.0490763873116814,-0.07515967074790608,0.010401826578297135
739,0.7397397397397397,0.04922129922129925,-0.07405983141277261,0.010546738487914986
740,0.7407407407407407,0.04984367484367491,-0.07353294853294845,0.010691650397532837
741,0.7417417417417418,0.050561543208601956,-0.07319705113822761,0.010932055049702072
742,0.7427427427427428,0.05089744060332291,-0.07238369003074885,0.01069499598911361
743,0.7437437437437437,0.05085136702783766,-0.0716658216658217,0.010935400641282955
744,0.7447447447447447,0.051473742650213206,-0.07075696781579133,0.0109848198083492
745,0.7457457457457457,0.052096118272588865,-0.06965712848065786,0.011225224460518657
746,0.7467467467467468,0.052241030182206605,-0.0687482746306276,0.0119430928254457
747,0.7477477477477478,0.05257692757692756,-0.06812589900825194,0.012469975705269754
748,0.7487487487487487,0.053199303199303216,-0.06731253790077318,0.013092351327645413
749,0.7497497497497497,0.053153229623817855,-0.06602171308053661,0.012664306781953849
750,0.7507507507507507,0.05339363427598731,-0.06559032294326406,0.012713725949020094
751,0.7517517517517518,0.05401600989836275,-0.06487245457833701,0.013145116086292541
752,0.7527527527527528,0.0541609218079806,-0.06472754266871916,0.013576506223564988
753,0.7537537537537538,0.05382837000484064,-0.0636277033335857,0.014007896360837546
754,0.7547547547547547,0.05406877465700999,-0.06329180593886474,0.013961822785352185
755,0.7557557557557557,0.054309179309179334,-0.06200098111862817,0.014488705665176349
756,0.7567567567567568,0.053976627506039265,-0.06166508372390733,0.01434713934713927
757,0.7577577577577578,0.05402604667310551,-0.06104270810153167,0.014014587543999313
758,0.7587587587587588,0.054934900523135766,-0.06099328893446543,0.013968513968513951
759,0.7597597597597597,0.05441136323489271,-0.060657391539744476,0.014877367818544318
760,0.7607607607607607,0.05455627514451045,-0.06060797237267823,0.01521326521326527
761,0.7617617617617618,0.0552741435094376,-0.060367567720508886,0.01583564083564082
762,0.7627627627627628,0.05494159170629753,-0.060031670325788045,0.01636252371546487
763,0.7637637637637638,0.05518199635846699,-0.05921830921830917,0.01679391385273743
764,0.7647647647647647,0.055422401010636335,-0.05830945536827892,0.01693882576235517
765,0.7657657657657657,0.05575829840535729,-0.05768707974590326,0.017656694127282435
766,0.7667667667667668,0.055712224829871815,-0.05706470412352771,0.017801606036900064
767,0.7677677677677678,0.056525585937350575,-0.056824299471358364,0.01804201068906952
768,0.7687687687687688,0.05657500510441693,-0.0562974165915342,0.01799593711358416
769,0.7697697697697697,0.056624424271483176,-0.05615250468191646,0.018522819993408213
770,0.7707707707707707,0.05667384343854942,-0.055434636316989194,0.018476746417922962
771,0.7717717717717718,0.05662776986306395,-0.05548070989247467,0.018335180099885995
772,0.7727727727727728,0.0569636672577849,-0.05504931975520211,0.018862062979710048
773,0.7737737737737738,0.057204071909954246,-0.05366300219241393,0.019961902314843516
774,0.7747747747747747,0.057157998334468996,-0.05332710479769298,0.020106814224461367
775,0.7757757757757757,0.057302910244086736,-0.05251374369021422,0.021015668074491622
776,0.7767767767767768,0.057256836668601374,-0.05170038258273557,0.02125607272666097
777,0.7777777777777778,0.058070197776080135,-0.050982514217808306,0.021496477378830314
778,0.7787787787787788,0.05859708065590419,-0.05055112408053586,0.021641389288448165
779,0.7797797797797797,0.058837485308073534,-0.0499287484581602,0.021977286683169117
780,0.7807807807807807,0.0593643681878977,-0.04978383654854235,0.02183572036513215
781,0.7817817817817818,0.06036871478047945,-0.049256953668718406,0.022267110502404597
782,0.7827827827827828,0.0607046121752004,-0.04920753450165216,0.023175964352434963
783,0.7837837837837838,0.06046755311461194,-0.04887163710693121,0.023225383519501208
784,0.7847847847847848,0.06061246502422979,-0.04844024696965865,0.02403874462697997
785,0.7857857857857857,0.060375405963641327,-0.0478178713472831,0.023992671051494607
786,0.7867867867867868,0.06013834690305275,-0.04748197395256226,0.02404209021856074
787,0.7877877877877878,0.0603787515552221,-0.046382134617428794,0.024282494870730198
788,0.7887887887887888,0.06033267797973685,-0.04585525173760463,0.02414092855269323
789,0.7897897897897898,0.06047758988935459,-0.044946397887574374,0.02428584046231108
790,0.7907907907907907,0.06109996551173025,-0.044324022265198715,0.024621737857032033
791,0.7917917917917918,0.06095839919369328,-0.043033197444962146,0.024671157024098167
792,0.7927927927927928,0.06062584739055321,-0.04231532908003499,0.02452959070606131
793,0.7937937937937938,0.06124822301292887,-0.04178844620021094,0.024579009873127555
794,0.7947947947947948,0.061106656694892014,-0.04173902703314469,0.0246284290401938
795,0.7957957957957957,0.061442554089612966,-0.04102115866821743,0.024964326434914752
796,0.7967967967967968,0.0616829587417822,-0.04087624675859969,0.024822760116877784
797,0.7977977977977978,0.062209841621606365,-0.04025387113622403,0.02487217928394403
798,0.7987987987987988,0.06245024627377571,-0.04001346648405468,0.025303569421216476
799,0.7997997997997998,0.062308679955738855,-0.039104612634024316,0.026116930528695237
800,0.8008008008008007,0.0623580991228051,-0.03857772975420026,0.02578437872555528
801,0.8018018018018018,0.061930054577113425,-0.03766887590417001,0.025547319664966706
802,0.8028028028028028,0.06188398100162806,-0.03695100753924285,0.026169695287342365
803,0.8038038038038038,0.0618379074261427,-0.036042153689212486,0.026505592682063317
804,0.8048048048048048,0.06179183385065745,-0.035706256294491534,0.026268533621474854
805,0.8058058058058059,0.06174576027517198,-0.03517937341466759,0.026604431016195695
806,0.8068068068068068,0.06141320847203202,-0.03503446150504974,0.02684483566836504
807,0.8078078078078078,0.06155812038164976,-0.03393462216991627,0.02679876209287979
808,0.8088088088088088,0.06179852503381922,-0.03340773929009222,0.026657195774842823
809,0.8098098098098098,0.06184794420088546,-0.03240339269751025,0.026324643971702866
810,0.8108108108108109,0.06199285611050309,-0.0315900315900316,0.026756034108975202
811,0.8118118118118118,0.06194678253501784,-0.030203714027243422,0.026900946018593053
812,0.8128128128128128,0.06170972347442938,-0.029485845662316268,0.02666388695800459
813,0.8138138138138138,0.061472664413840916,-0.028767977297389002,0.026522320639967734
814,0.8148148148148148,0.06180856180856187,-0.02890954361542597,0.027049203519791787
815,0.8158158158158159,0.0616669954905249,-0.02876463170580823,0.02690763720175482
816,0.8168168168168168,0.06152542917248793,-0.02861971979619038,0.027148041853924165
817,0.8178178178178178,0.06147935559700268,-0.028761286114227236,0.027579431991196723
818,0.8188188188188188,0.06171976024917203,-0.02804341774930008,0.027628851158262968
819,0.8198198198198198,0.06157819393113517,-0.027421042126924422,0.027678270325329213
820,0.8208208208208209,0.0615321203556497,-0.027180637474755187,0.028205153205153155
821,0.8218218218218218,0.06167703226526755,-0.02627178362472482,0.028636543342425713
822,0.8228228228228228,0.061726451432333795,-0.025171944289591353,0.028972440737146665
823,0.8238238238238238,0.06206234882705475,-0.0248360468948704,0.02902185990421291
824,0.8248248248248248,0.0623982462217757,-0.024404656757597842,0.02916677181383065
825,0.8258258258258259,0.06177921619098081,-0.0236867883926708,0.02931168372344839
826,0.8268268268268268,0.061637649872943956,-0.02325539825539824,0.029743073860720948
827,0.8278278278278278,0.06140059081235549,-0.023205979088331996,0.029506014800132485
828,0.8288288288288288,0.06135451723687024,-0.02248811072340484,0.029937404937404932
829,0.8298298298298298,0.061021965433730174,-0.02196122784358079,0.03036879507467749
830,0.8308308308308309,0.06107138460079631,-0.02152983770630834,0.031086663439604534
831,0.8318318318318318,0.06112080376786255,-0.021002954826484288,0.03113608260667078
832,0.8328328328328328,0.061265715677480403,-0.02038057920410863,0.03166296548649494
833,0.8338338338338338,0.060933163874340335,-0.019853696324284575,0.031521399168457975
834,0.8348348348348348,0.060409626586097276,-0.01913582795935731,0.031284340107869624
835,0.8358358358358359,0.060077074782957096,-0.01813148136677556,0.03133375927493576
836,0.8368368368368369,0.059840015722368634,-0.017604598486951395,0.03100120747179569
837,0.8378378378378378,0.059984927631986484,-0.01707771560712734,0.03162358309417135
838,0.8388388388388388,0.05974786857139802,-0.01607336901454548,0.0321504659739954
839,0.8398398398398398,0.05970179499591266,-0.015355500649618214,0.032199885141061646
840,0.8408408408408409,0.05936924319277259,-0.014542139542139565,0.03205831882302468
841,0.8418418418418419,0.05894119864708103,-0.013919763919763906,0.03268069444540034
842,0.8428428428428428,0.058895125071595666,-0.013774852010146166,0.032443635384811875
843,0.8438438438438438,0.058849051496110305,-0.013438954615425214,0.03297051826463593
844,0.8448448448448448,0.058611992435521953,-0.012816578993049554,0.03292444468915068
845,0.8458458458458459,0.05866141160258809,-0.012289696113225612,0.033355834826423014
846,0.8468468468468469,0.05804238157179331,-0.011762813233401448,0.03302328302328306
847,0.8478478478478478,0.05780532251120485,-0.011331423096129,0.03335918041800401
848,0.8488488488488488,0.05766375619316799,-0.010422569246098634,0.03302662861486394
849,0.8498498498498498,0.05723571164747643,-0.008654280713104145,0.033076047781930185
850,0.8508508508508509,0.05709414532943946,-0.00841387606093491,0.033411945176651026
851,0.8518518518518519,0.05657060804119629,-0.007886993181110857,0.033365871601165664
852,0.8528528528528528,0.056620027208262536,-0.007837574014044613,0.033319798025680414
853,0.8538538538538538,0.05638296814767407,-0.007310691134220559,0.032987246222540345
854,0.8548548548548548,0.05595492360198251,-0.0070702864820511024,0.03275018716195188
855,0.8558558558558559,0.05629082099670335,-0.006161432632020847,0.032799606329018016
856,0.8568568568568569,0.05595826919356328,-0.006112013464954602,0.033421981951393676
857,0.8578578578578578,0.055625717390423324,-0.005680623327682155,0.033566893861011526
858,0.8588588588588588,0.05500668735962855,-0.005344725932961203,0.03342532754297467
859,0.8598598598598598,0.0553425847543495,-0.004913335795688645,0.033474746710040915
860,0.8608608608608609,0.05520101843631253,-0.00467293114351941,0.03342867313455544
861,0.8618618618618619,0.05496395937572407,-0.003955062778592144,0.03319161407396698
862,0.8628628628628628,0.05491788580023871,-0.0036191653838713034,0.03305004775593012
863,0.8638638638638638,0.05439434851199565,-0.0032832679891503513,0.03300397418044476
864,0.8648648648648649,0.05387081122375237,-0.0029473705944295103,0.0329579006049594
865,0.8658658658658659,0.05392023039081861,-0.002420487714605346,0.03262534880181933
866,0.8668668668668669,0.05396964955788486,-0.0017981120922296867,0.03238828974123087
867,0.8678678678678678,0.053828083239848,-0.0006982727570962188,0.03253320165084872
868,0.8688688688688688,0.05349553143670793,-0.0007443463325815802,0.03248712807536336
869,0.8698698698698699,0.05344945786122257,-0.0005039416804123453,0.032441054499878
870,0.8708708708708709,0.053021413315530896,-0.0001680442856913933,0.03249047366694424
871,0.8718718718718719,0.05307083248259714,-0.0004051033462798559,0.03244440009145888
872,0.8728728728728729,0.052929266164560285,-0.0005466696643167124,0.03268480474362834
873,0.8738738738738738,0.05259671436142033,-0.00021077226959576034,0.03216126745538517
874,0.8748748748748749,0.05235965530083175,-6.586035997802053e-05,0.032592657592657504
875,0.8758758758758759,0.05212259624024329,0.0003655297772944266,0.03197362756186284
876,0.8768768768768769,0.05226750814986114,0.0003194562018091762,0.03145009027361967
877,0.8778778778778779,0.05222143457437578,0.001419295536942644,0.03130852395558281
878,0.8788788788788788,0.05198437551378732,0.0020416711593183035,0.03154892860775216
879,0.8798798798798799,0.05184280919575035,0.002664046781693852,0.031980318745024605
880,0.8808808808808809,0.05151025739261028,0.0029044514338631977,0.03174325968443614
881,0.8818818818818819,0.051368691074573425,0.0039087980264450595,0.031410707881296074
882,0.8828828828828829,0.050654168301227154,0.003958217193511304,0.03079167785050141
883,0.8838838838838838,0.05041710924063869,0.004962563786093277,0.03093658976011926
884,0.8848848848848849,0.05008455743749862,0.0048209974680561984,0.030890516184633787
885,0.8858858858858859,0.04984749837691016,0.005061402120225655,0.030653457124045325
886,0.8868868868868869,0.04951494657377009,0.005683777742601315,0.03022541257835376
887,0.8878878878878879,0.04985084396849104,0.005637704167115953,0.03065680271562632
888,0.8888888888888888,0.04961378490790258,0.00654655801714632,0.030897207367795665
889,0.8898898898898899,0.049663204074968714,0.006500484441660848,0.0311376120199649
890,0.8908908908908909,0.04933065227182876,0.0067408890938303045,0.030805060216824942
891,0.8918918918918919,0.04880711498358559,0.006790308260896549,0.030663493898787975
892,0.8928928928928929,0.04885653415065183,0.006648741942859582,0.031285869521163634
893,0.8938938938938938,0.04861947509006337,0.007462103050338342,0.03152627417333309
894,0.8948948948948949,0.04809593780182009,0.007511522217404587,0.03138470785529601
895,0.8958958958958959,0.047858878741231625,0.007465448641919226,0.031720605250016964
896,0.8968968968968969,0.047812805165746375,0.008469795234501087,0.0312925607043254
897,0.8978978978978979,0.04757574610515791,0.008328228916464231,0.030864516158633837
898,0.8988988988988988,0.04733868704456945,0.00828215534097887,0.030818442583148475
899,0.8998998998998999,0.047101627983980876,0.00842706725059661,0.030676876265111508
900,0.9009009009009009,0.04686456892339241,0.009049442872972269,0.03053530994707465
901,0.9019019019019019,0.04662750986280395,0.009767311237899534,0.030871207341795603
902,0.9029029029029029,0.046485943544767094,0.01000771589006888,0.030729641023758747
903,0.9039039039039038,0.04586691351397243,0.009675164086928811,0.030683567448273386
904,0.9049049049049049,0.045438868968280755,0.010488525194407461,0.030351015645133206
905,0.9059059059059059,0.044915331680037585,0.010728929846576918,0.030113956584544854
906,0.9069069069069069,0.04448728713434602,0.011255812726400971,0.030067883009059493
907,0.9079079079079079,0.043868257103551245,0.011114246408364115,0.03002180943357413
908,0.9089089089089089,0.04353570530041129,0.010972680090327258,0.03026221408574359
909,0.9099099099099099,0.043012168012168006,0.011117591999944887,0.030407125995361217
910,0.9109109109109109,0.04258412346647644,0.011262503909562738,0.029979081449669653
911,0.9119119119119119,0.04215607892078477,0.011407415819180589,0.02974202238908119
912,0.9129129129129129,0.04182352711764481,0.011170356758592126,0.02988693429869904
913,0.9139139139139139,0.04168196079960795,0.011315268668209866,0.029458889753007478
914,0.914914914914915,0.040871945283709965,0.011746658805482313,0.029412816177522005
915,0.9159159159159159,0.0404439007380184,0.011700585229996951,0.02946223534458825
916,0.9169169169169169,0.04020684167742994,0.011940989882166408,0.0296071472542061
917,0.9179179179179179,0.03968330438918677,0.012754350989645169,0.028797131738308224
918,0.9189189189189189,0.0391597671009436,0.012612784671608313,0.02856007267771976
919,0.91991991991992,0.038922708040355025,0.012375725611019739,0.027941042646924985
920,0.9209209209209209,0.03859015623721507,0.012616130263189085,0.027417505358681815
921,0.9219219219219219,0.038162111691523504,0.013238505885564744,0.027180446298093353
922,0.9229229229229229,0.037829559888383435,0.01281046133987318,0.026847894494953395
923,0.9239239239239239,0.03749700808524348,0.012573402279284718,0.026801820919468033
924,0.924924924924925,0.0371644562821033,0.013004792416557054,0.026660254601431066
925,0.9259259259259259,0.03654542625130863,0.012958718841071803,0.026136717313187896
926,0.9269269269269269,0.03583090347796236,0.012912645265586442,0.025708672767496332
927,0.9279279279279279,0.035211873447167585,0.013153049917755788,0.025376120964356264
928,0.9289289289289289,0.03507030712913073,0.01282049811461583,0.025043569161216306
929,0.92992992992993,0.03435578435578435,0.01248794631147565,0.02490200284317934
930,0.9309309309309309,0.03421421803774749,0.012632858221093501,0.024473958297487663
931,0.9319319319319319,0.03369068074950432,0.013446219328572262,0.024236899236899312
932,0.9329329329329329,0.03316714346126115,0.013495638495638507,0.02419082566141395
933,0.933933933933934,0.03283459165812097,0.013163086692498438,0.023571795630619063
934,0.934934934934935,0.03240654711242941,0.012926027631909975,0.023334736570030712
935,0.9359359359359359,0.032169488051840944,0.012879954056424614,0.023193170251993744
936,0.9369369369369369,0.031645950763597885,0.012929373223490859,0.022669632963750685
937,0.9379379379379379,0.03140889170300942,0.013169777875660316,0.022432573903162223
938,0.938938938938939,0.030598876187111435,0.013028211557623237,0.022004529357470437
939,0.93993993993994,0.030361817126522972,0.012791152497034775,0.022053948524536793
940,0.9409409409409409,0.029838279838279802,0.012936064406652625,0.021912382206499825
941,0.9419419419419419,0.029410235292588238,0.012412527118409455,0.021675323145911363
942,0.9429429429429429,0.028982190746896674,0.012270960800372599,0.0214382640853229
943,0.943943943943944,0.028172175230998686,0.01193840899723253,0.021201205024734437
944,0.944944944944945,0.02736215971510092,0.01275177010471129,0.021155131449249076
945,0.9459459459459459,0.02731608613961556,0.012610203786674323,0.021109057873763715
946,0.9469469469469469,0.026697056108820894,0.012277651983534366,0.020776506070623757
947,0.9479479479479479,0.02645999704823243,0.012709042120806924,0.020348461524932193
948,0.948948948948949,0.02612744524509225,0.012662968545321451,0.020397880691998327
949,0.94994994994995,0.025794893441952294,0.012521402227284595,0.019683357918652056
950,0.950950950950951,0.025175863411157517,0.01257082139435084,0.019541791600615088
951,0.9519519519519519,0.024938804350569055,0.012429255076313872,0.019400225282578232
952,0.9529529529529529,0.024415267062325885,0.01219219601572552,0.019545137192196083
953,0.953953953953954,0.023891729774082715,0.011955136955136947,0.019117092646504408
954,0.954954954954955,0.023559177970942646,0.012004556122203192,0.018593555358261238
955,0.955955955955956,0.02294014794014798,0.012149468031820931,0.017974525327466462
956,0.9569569569569569,0.02222562516680171,0.01191240897123258,0.017832959009429605
957,0.9579579579579579,0.021797580621110035,0.011961828138298825,0.017500407206289648
958,0.958958958958959,0.021083057847763653,0.01220223279046806,0.017167855403149468
959,0.95995995995996,0.020464027816968988,0.01186968098732799,0.016548825372354803
960,0.960960960960961,0.02032246149893213,0.011632621926739528,0.016407259054317835
961,0.9619619619619619,0.02027638792344677,0.01130007012359957,0.01626569273628098
962,0.9629629629629629,0.0197528506352036,0.011158503805562714,0.01574215544803781
963,0.963963963963964,0.019133820604408824,0.011016937487525635,0.01540960364489774
964,0.964964964964965,0.018801268801268756,0.010970863912040385,0.01488606635665457
965,0.965965965965966,0.018277731513025586,0.010924790336555024,0.0143625290684114
966,0.9669669669669669,0.017754194224782527,0.010783224018518167,0.014125470007822938
967,0.9679679679679679,0.017230656936539357,0.010546164957929705,0.01379291820468298
968,0.968968968968969,0.01661162690574447,0.010595584124995838,0.013364873658991305
969,0.96996996996997,0.015992596874949805,0.010358525064407376,0.013032321855851237
970,0.970970970970971,0.015469059586706635,0.009930480518715812,0.012795262795262774
971,0.9719719719719719,0.01485002955591197,0.010075392428333663,0.012176232764468109
972,0.9729729729729729,0.014421985010220406,0.0098383333677452,0.011748188218776545
973,0.973973973973974,0.013898447721977125,0.010174230762466041,0.011224650930533264
974,0.974974974974975,0.013088432206079248,0.010319142672083892,0.010605620899738488
975,0.975975975975976,0.012851373145490785,0.009891098126392217,0.010368561839150137
976,0.9769769769769769,0.01223234311469612,0.009845024550906967,0.00974953180835536
977,0.9779779779779779,0.011613313083901344,0.009798950975421605,0.009607965490318504
978,0.978978978978979,0.011089775795658174,0.00917992094462683,0.008797949974420516
979,0.97997997997998,0.010470745764863398,0.00865638365638366,0.008274412686177346
980,0.980980980980981,0.010520164931929643,0.008419324595795197,0.00746439717027958
981,0.9819819819819819,0.009901134901134978,0.0076093090798973195,0.007418323594794218
982,0.9829829829829829,0.009282104870340202,0.007372250019308857,0.0069902790491026545
983,0.983983983983984,0.00856758209699382,0.006944205473617182,0.006848712731065687
984,0.984984984984985,0.007948552066199155,0.006802639155580326,0.006516160927925618
985,0.985985985985986,0.007329522035404379,0.006661072837543469,0.006183609124785661
986,0.986986986986987,0.006710492004609714,0.006233028291851905,0.0054690863514392785
987,0.9879879879879879,0.00628244745891815,0.005613998261057129,0.005423012775954028
988,0.988988988988989,0.00594989565577797,0.004899475487710747,0.004708490002607646
989,0.98998998998999,0.0055218511100864065,0.004471430942019183,0.004375938199467577
990,0.990990990990991,0.004616342851637034,0.003947893653776013,0.003565922683569811
991,0.991991991991992,0.003901820078290763,0.003710834593187551,0.0033288636229813484
992,0.992992992992993,0.003091804562392775,0.003378282790047482,0.0027098335921864614
993,0.993993993993994,0.002568267274149605,0.002759252759252706,0.0022817890464948976
994,0.994994994994995,0.0017582517582517276,0.002235715471009536,0.0015672662731486264
995,0.995995995995996,0.0012347144700085577,0.0019031636678695785,0.0013302072125601638
996,0.996996996996997,0.0008066699243169939,0.0012841336370748024,0.0008066699243169939
997,0.997997997997998,0.0004741181211769252,0.0005696108637284203,0.0004741181211769252
998,0.998998998998999,-4.941916706624472e-05,0.0001415663180368565,-0.00014491190961785083
999,1.0,-0.00038197097020631343,0.0,-0.0006684491978609097
